prompt	completion
"You Look Happy for Getting Second" The ALDC Can't Win in Jersey (Season 3 Flashback) | Dance Moms	Season 3 flashback of Dance Moms: The ALDC can't win in Jersey
‚ÄúMy Family And Their Problems‚Äù TikTok Trend | Pennies From Heaven TikTok Sound	My relatives and their issues
(animated) 5E D&amp;D Eldritch Blast?	5E D&amp;D Eldritch Blast
[Celeste Mod] spikejumps vs. cornerjumps Golden Strawberry	[Celeste Mod] spikejumps vs. cornerjumps Golden Strawberry
[Working BGM] Comfortable music that makes you feel positive  -- Morning Mood -- Daily Routine	Background music for a productive day
„ÄêÔº≥ÔΩçÔΩèÔΩãÔΩÖ„ÄÄÔº°ÔΩéÔΩÑ„ÄÄÔº£ÔΩàÔΩâÔΩåÔΩå„Äë Lofi Chill Music ~ lofi hip hop mix ~ lofi beats to chill  study to	Lofi hip hop mix for studying and chilling
üî¥ Deep Focus 24/7 - Ambient Music For Studying, Concentration, Work And Meditation	Ambient music for studying and concentration
$1 vs $1,000,000 Hotel Room!	Hotel room comparison
$1 vs $500,000 Plane Ticket!	Cost comparison of expensive and inexpensive plane tickets
$70,000 Extreme Hide And Seek - Challenge	Hide and seek challenge
10 Crazy Fitness challenges; You have never seen before	10 Workout Challenges to Try
10 Hours üòª Cat TV  No Ad Interruptions! üê¶ @LensMyth Bluebirds and Songbirds Video for Cats	Cat TV with bluebirds and songbirds
100 Days Building A Modern Underground Hut With A Grass Roof And A Swimming Pool	Building an underground hut with a grass roof and swimming pool in 100 days
100 Interesting Animal Moments Caught On Camera	Animal moments caught on camera
13 People You'll Meet at the POOL	Pool people
19 Brilliant Moves IN A ROW	19 good moves in a row
200 Elo Chess LOL	Very bad Chess
200 Incredible Things Caught on Camera. Best of the Month	200 Things captured on film
3 Most COMMON Chess MISTAKES	3 common chess mistakes
3 Vital Chess Opening Principles	Chess opening principles
5 Hour Timer	5 Hour Timer
5 Signs You Have ADHD, Not Laziness	Possible Symptoms of ADHD
7 Baby DRAGON Pranks To Trick Your FRIENDS!	Baby dragon pranks
A group of thieves steal USD 25 million from a drug cartel | Action English Movie | Draw	Movie: Thieves steal from a drug cartel
A Happy Little Weekend Marathon! - The Joy of Painting with Bob Ross	Weekend marathon with Bob Ross
ABANDONED 1600‚Äôs Mansion With EVERYTHING Left Inside ~ Frozen In Time	Old house full of stuff left behind
Abby Is Served With LAWSUIT Papers From a Dance Mom! (S5, E2) | Full Episode | Dance Moms	Dance Moms (S5, E2)
Actual Footage of my dad's Trip to School	Dad goes to school
Adam Sandler roasted by Dana Carvey, David Spade and Rob Schneider during Mark Twain Prize tribute	Adam Sandler gets roasted during tribute ceremony
Adam Sandler: The 60 Minutes Interview	Adam Sandler: The 60 minutes interview
All Christian denominations explained in 12 minutes	Christian denominations explained
All Sports Golf Battle at The Masters	All sports golf tournament
Amazing Invention- This Drone Will Change Everything	New drone product release
Ancient Philosophers' Life Lessons People Wished They Knew Sooner	Lessons from ancient philosophers' lives
Animals That Asked People for Help &amp; Kindness | Best moments of 2022 !	2022 best animal moments
April 2023 General Conference | Saturday Sessions	April 2023 General Conference | Saturday Sessions
APRIL FOOLS In FORTNITE!	April fools in Fortnite
ARY News Headlines | 10 PM | 30th March 2023	ARY news headlines | 10 PM | 30th March 2023
Asteroid City - Official Trailer (2023) Scarlett Johansson, Tom Hanks, Margot Robbie	Asteroid City - Official Trailer (2023) Scarlett Johansson, Tom Hanks, Margot Robbie
ASTEROID CITY Trailer (2023) Tom Hanks, Scarlett Johansson	ASTEROID CITY Trailer (2023) Tom Hanks, Scarlett Johansson
BARN FIND 1979 Camaro - UNREAL Transformation After 10 Years! Can We Revive It?	1979 Camaro Found in a Barn
Behind the Counter at the Freshest Chicken Shop in Japan	Behind the counter at a fresh chicken shop in Japan
Ben Affleck on Air Premiere, Getting Michael Jordan‚Äôs Blessing &amp; Surprise Video Call with Matt Damon	Ben Affleck talks about his movie with friends
Best Fails of the Year (So Far) 2022	Yearly fails compilation 2022
Best of lofi hip hop 2021 ‚ú® - beats to relax/study to	Lofi hip hop songs for relaxing and studying 2021
Biggest Hits of the 2022-2023 NFL Season	NFL Season Hits 2022-2023
Bro has a pet lion ü¶Å #lion #pet #animals #wow #wildlife	A man owns a lion as a pet.
Building your first base in a survival game	Building your first base in a survival game
BUYING Everything in ONE COLOR for my Daughter *NO BUDGET üò±*	Monotone Shopping Spree for My Kid's Outfit
Can 4 Guys Beat 1 Climbing Champion?	4 vs 1 Climbing Battle
Can you watch without laughing? 100% Impossible	Funny video compilation
Cell Phone Stereotypes	Cell phone stereotypes
Classical Music for Brain Power - Mozart (6 Hours)	Classical music for studying - Mozart (6 Hours)
Climbing Drills I'd do if i were a BEGINNER again (build confidence in your footwork)	Beginner Climbing Drills for Footwork Confidence
Climbing in Rental shoes &amp; Gloves  - CHALLENGE	Rental Shoe and Glove Climbing Challenge
Climbing with Adam Ondra - The World's Best Climber	Climbing video featuring Adam Ondra
climbing with Alex Honnold   **Insane experience**	Climbing Mountains with a Alex Honnold
Clips You Will See Only Once üò± #shorts	Shorts
COUNTER-STRIKE 2 IS GORGEOUS	Quality graphics in Counter-Strike 2
Cozy Coffee Shop Ambience with Relaxing Jazz Music, Rain Sounds and Crackling Fireplace - 8 Hours	Coffee shop sounds for relaxation and study - 8 Hours
creativity is dead	People are less creative than they used to be
Criminal Lawyer Reacts to Genius Afroman Video &amp; Breaks Down B.S Lawsuit By Police	Criminal lawyer reacts to Afroman video
Curious Baby Seal Approaches Cameraman	Baby Seal Approaches Camera
D&amp;D Cult procession	D&amp;D Cult procession
David Goggins ‚ÄúYou Must CHANGE YOUR MINDSET.‚Äù	Changing Your Mindset with David Goggins
Daz Watches Worst Pageant Mums Ever	Watching pageant moms
Deep Focus Music To Improve Concentration - 12 Hours of Ambient Study Music to Concentrate #341	Music for Focusing - 12 Hours #341
Disney Jazz: Relaxing Disney Jazz Cafe Music for Studying	Disney Jazz for studying
Dog 'Saves' His Little Girl From The Ocean | The Dodo	Dog jumps into water
Dogo Argentino dog video compilations | Dogo Argentino vs cane carso | dog video	Dogo Argentino dog videos
Dogs who know Putin (Russian meme) #dog #Putin #shorts	Dogs who know Putin (Russian meme)
Dominik Mysterio and The Judgment Day WALK OUT on Rey Mysterio's speech: WWE Hall of Fame 2023	: Dominik Mysterio walks out on Rey Mysterio's speech | WWE Hall of Fame 2023
Dua Lipa, Calvin Harris, Coldplay, Martin Garrix &amp; Kygo, The Chainsmokers Style - Feeling Me	Dua Lipa, Calvin Harris, Coldplay, Martin Garrix &amp; Kygo, The Chainsmokers - Feeling Me
Ed Sheeran, Martin Garrix, Avicii, Kygo, Dua Lipa, The Chainsmokers Style - Feeling Me [Vol.2]	Ed Sheeran, Martin Garrix, Avicii, Kygo, Dua Lipa, The Chainsmokers - Feeling Me [Vol.2]
ESCAPING 100 Layers of ICE vs CARDBOARD!	Escaping ice and cardboard
Farming 10,000,000 Melons in Minecraft	Farming melons in Minecraft
Fastest Obstacle Course Run Wins $10,000	Obstacle Course Race for Prize Money
Father and son shot dead in Cambridgeshire	Father and son shot dead in Cambridgeshire
Film Theory: This is Disney‚Äôs WORST Fear! (Winnie the Pooh)	Film Theory: Winnie the Pooh
Florence Pugh Sweats From Her Eyebrows While Eating Spicy Wings | Hot Ones	Sweaty Florence Pugh Eats Spicy Wings | Hot Ones
FORGOTTEN 1968 Pontiac Bonneville - Will It RUN AND DRIVE After A Decade?	1968 Pontiac Bonneville Restoration Attempt
Gamebred Boxing 4 - Roy Jones Jr vs Anthony Pettis | PRELIMS	Gamebred Boxing 4 - Roy Jones Jr vs Anthony Pettis | Prelims
games w syk ironmouse corps!!!	Games with Syk Ironmouse Corps
Gmod Deathrun Fall Guys Edition	Gmod Deathrun | Fall Guys
Going Through The Same Drive Thru 1,000 Times	Continuously going through the same drive thru
Gone too deep in Cali, Colombia! üá®üá¥	Exploring Cali, Colombia
Hamster Escapes the Awesome Maze for Pets in real life üêπ The Best Hamster Challenges	Hamster pet maze
HERE'S HOW PROFESSIONALS DEEP CLEAN THINGS	Professional cleaning techniques
HERE'S WHY E3 GOT CANCELED, ASSASSIN'S CREED MIRAGE RELEASE LEAKED? &amp; MORE	Assassin's creed mirage release leaked
Hit by 12 million	Hit by 12 million
Hotel Stereotypes	Hotel stereotypes
How I removed squatters in less than a day.	Removing Squatters in a Day.
How it started VS How it‚Äôs going #shorts	How it started and how it‚Äôs going (shorts)
How many pressure washers does it take to fly?	Flying with pressure washers
How Rappers gonna be with this new AI Technology	How rappers might use AI technology
How to build HOUSE UNDERGROUND from START to FINISH 15 days in the forest. WOODWORKING	Building an Underground House
How To FIX Forward Head Posture (Hunched Forward) with 3 EASY Exercises	3 Exercises for Fixing Forward Head Posture
How To Know if You Have Good Genetics for Bodybuilding	How to know if you have good genetics for bodybuilding
How To Save Someone‚Äôs Life	How to save someone's life
How to Win a Street Fight in 3 Seconds #shorts	Street Fighting (shorts)
I Accidentally Went Live on Fortnite...	Fortnite livestream mistake
I Ate The World‚Äôs Largest Slice Of Pizza	Biggest pizza slice ever eaten
I BEAT ROBLOX DOORS SOLO WITHOUT USING A SINGLE KEY!	Roblox Doors Solo completion without Keys
I Built the Ultimate Base in Minecraft Hardcore	My hardcore Minecraft base
I Busted 500 Myths In GTA 5!	Busting GTA 5 myths
I Explored MrBeast's Abandoned Minecraft Server	Exploring an abandoned Minecraft server
I GOT RANDOMLY PAIRED AGAINST ERIC ROSEN	Random pairing against Eric Rosen
I JUST BEAT MAGNUS CARLSEN	Beating Magnus Carlsen
I Opened A FAKE Apple Store	Fake Apple Store Experience
I Should Have Seen This Coming...	Predictable Outcome.
I simulated NATURAL DISASTERS in LEGO...	LEGO Natural Disaster Simulation
I Survived 100 Days as an ELECTRIC EEL in HARDCORE Minecraft!	100 days as an electric eel in Minecraft Hardcore.
I Survived 100 Days as NARUTO in Minecraft	NARUTO in Minecraft for 100 days
I Survived 100 Days as THOR in Minecraft	Surviving as Thor in Minecraft for 100 days.
I Survived 2000 Days in Minecraft Hardcore	Minecraft Hardcore for 2000 Days
I tested 100 LEGO Boats!	100 LEGO Boats Test
I Transformed Minecraft Into An EPIC Underwater Kingdom! | Full Movie [1000+ HOURS]	Building an underwater kingdom in Minecraft
I Tried Secret Service Academy	Training for the secret service
I Tried TEMU Art Supplies..isn‚Äôt this just WISH?	Trying Art Supplies.
I tried the world's biggest climbing gym    //   With Alexis Landot	Trying out a huge climbing gym with Alexis Landot
I tried to climb the biggest man-made route in the World	Biggest man-made route climb attempt
I Watched Captain America: Civil War in 0.25x Speed and Here's What I Found	Watching Captain America: Civil War at a slowed down speed
I Went Fishing For TERRIFYING CREATURES in Dredge	Fishing for monsters in Dredge
I'm 20 and Still in High School	20-year-old attends high school
I'M LOOKING FOR MY FRIENDS, I'M LOOKING FOR YOU | TIKTOK COMPILATION	Looking for friends | TikTok compilation
Idiots In Cars | Bad Driving Fails Compilation	Car driving fails compilation
If Programming Was An Anime	Programming as an anime
If Women Were Honest #shorts	Honest women #shorts
If You Laugh 2 Times, You Have to Replay the Video	Funny video
Inside a $25,900,000 Fully OFF GRID Utah Mega Mansion	Off grid mansion Tour.
Inside Debby Ryan &amp; Josh Dun's Fascinating Ohio Home | Open Door | Architectural Digest	Ohio Home Tour | Open Door | Architectural Digest
Intense Close Range Intercept of Violent Wedge Tornado - Iowa High Risk Tornado Outbreak - 3/31/23	Close Tornado Intercept in Iowa - 3/31/23
Iowa Hawkeyes vs. South Carolina Gamecocks | NCAA Women's Final Four | Full Game Highlights	Iowa Hawkeyes vs. South Carolina Gamecocks | NCAA Women's Final Four | Full Game Highlights
Iowa vs. South Carolina - Final Four NCAA tournament extended highlights	Iowa vs. South Carolina - Final Four NCAA tournament extended highlights
Is Netflix Just Making Bad Movies On Purpose	Netflix's Movie Strategy is Uninspiring
JHOOTA NO. 1 | Lie Detector | Family Comedy Challenge | Aayu and Pihu Show	Joohta No. 1| Lie detector | Family comedy challenge
John Wick 4: Dangerous Cleanup	John Wick 4: Dangerous Cleanup
Jordan Schlansky‚Äôs Origin Story | Team Coco Radio	Jordan Schlansky's Origin Story | Team Coco Radio
JVKE - this is what losing someone feels like (official video)	JVKE - this is what losing someone feels like (official video)
Kabhi Jo Badal Barse - Arijit Singh Live IIT Delhi RDV 2014	Kabhi Jo Badal Barse - Arijit Singh Live IIT Delhi RDV 2014
King Wolf üò±üò±üò±	Wolf leader
Knife and Judo Experts Breaks Down John Wick's Fighting Skills  | Scenic Fights	Analyzing John Wick's fighting techniques with knife and judo specialists | Scenic Fights
La√Øm - Shot After Shot (Electro Swing)	La√Øm - Shot After Shot (Electro Swing)
LAKERS at TIMBERWOLVES | FULL GAME HIGHLIGHTS | March 31, 2023	Lakers vs Timberwolves | Game highlights | March 31, 2023
Legendary answer FLOORS Steve Harvey!	An answer that Steve Harvey thinks is funny
Light Up The Dark Ages! (Clash of Clans Season Challenges)	Light up the dark ages (Clash of Clans season challenges)
Limited Life: Episode 5 - BREAD BRIDGE BAKERY	Limited life: episode 5 - Bready bridge bakery
lofi hip hop radio - beats to sleep/chill to	Lofi hip hop music for relaxation
Making a BULLETPROOF John Wick Suit in Real Life!	Making a bulletproof John Wick suit
Manchester City v. Liverpool | PREMIER LEAGUE HIGHLIGHTS | 4/1/2023 | NBC Sports	Manchester City vs. Liverpool | Highlights
memes from internet	random memes from internet
Metallica: 72 Seasons (Official Music Video)	Metallica: 72 Seasons (Official Music Video)
Mike Tyson - All Knockouts of the Legend	All Mike Tyson knockouts
Minecraft But Everything I Touch Turns To...	Minecraft with touch based mod
Minecraft but What's this Wither?!	Minecraft with wither
Minecraft Hostage Simulator	Minecraft hostage simulator
Minecraft, But You Only Get One Block!	One block challenge in Minecraft
Minecraft: MORE TNT MOD (35+ TNT EXPLOSIVES AND DYNAMITE!) - Mod Showcase	Minecraft TNT mod showcase
MLB 23 Road to the Show - Part 6 - POWER SWINGS ONLY!	MLB 23 road to the show - Part 6
MMA fighter &amp; Gymnast try Climbing	MMA fighter &amp; gymnast try climbing
Moments of Instant Regret Caught On Camera	Mistakes made on camera
MOVING IN &amp; Opening a Cafe | The Next Chapter	Moving and Starting a Cafe.
Music for Work ‚Äî Chillstep Cyber City Radio	Chill Music for Work
Must We Forgive Those Who Have Wronged Us?	Should we forgive others?
NBA Records That‚Äôll NEVER Be Broken..	Finalized NBA Records
New Parent Stereotypes	New parent stereotypes
NOBODY Wants Buy This ABANDONED $10.5 MILLION Mansion - Luxury Cars Inside!!!	Abandoned Mansion Tour
Noob PAY TO WINS to Pro in BLOX FRUITS.. (a Roblox Story)	Becoming an expert in Blox Fruits by buying in game items (A Roblox story)
Not everything is true‚ù§üî• |  inspirational quotes | motivational quotes #shorts #motivational #short	Not everything is true | #shorts
Omegle... But I ROAST Racist People	Insulting racist people on Omegle
Only The Best From The Best | Legendary Openings Speedrun 1	Legendary Openings Speedrun 1
OpenAI GPT-4 - See How Everyone Is Using It!	OpenAI GPT-4 usage examples
Overtime: Gov. Chris Sununu, Lt. Gov. Winsome Earle-Sears, James Kirchick | Real Time (HBO)	Overtime: Gov. Chris Sununu, Lt. Gov. Winsome Earle-Sears, James Kirchick | Real Time (HBO)
Packgod vs Emo Egirl	Packgod vs Emo Egirl
parents aren‚Äôt home‚Ä¶ you know what that means	Empty house situation
Pawn Stars: 7 INSANELY HIGH APPRAISALS (Huge Profits For Rare Items!)	High appraisals on Pawn Stars
Personal and Channel Update	Personal and Channel Update
PIHU KA RESULT | 10th Board Result | Pass / Fail | A Short Movie | Aayu and Pihu Show	Pihu ka result | 10th Bbard result | Pass / Fail | A short movie | Aayu and Pihu Show
Pixar's Up is ENDING With This Final Short	Pixar's Up: Final short
Playing The WORST Horror Game I've EVER Played [Hatch]	Bad horror game playthrough
Powerlifter  VS  Rock Climber  -  Who has stronger grip?	Grip Strength Comparison: Powerlifter vs Rock Climber
Probability Comparison: Rarest Human Mutations	Probability comparison: rarest human mutations
PSVR2 Launch Sales Are Reportedly Going Very Poorly...	Poor sales for PSVR2 launch
Rarest Things On Earth!	Rare items in nature
Rating Fast Food French Fries	Rating Fast Food French Fries
Relaxing Disney ost Piano collection 10Hour (No middle ad)	Disney piano music (10 Hour)
Relaxing Music &amp; Rain Sounds - Beautiful Piano Music, Background Music, Sleep Music ‚Ä¢ You &amp; Me	Background piano and rain sounds for sleep and relaxation
Rep. Maxine Waters reacts to Trump indictment	Rep. Maxine Waters talks about Trump indictment
Respect üò±üî•Wow üòØ	Respect
Returning to my old gym after 12 years!!	Going back to exercise at the place I used to go to a decade ago
Revealing: The Vote Update	Vote Update
Ridiculous Drivers - Crashes &amp; Wrecks Compilation | FailArmy	Crashes caught on camera.
SampleSort: QuickSort on Steroids!	SampleSort tutoriah
Satisfying Videos of Workers Doing Their Job Perfectly	Videos of workers excelling at their duties
Scotty Doesn‚Äôt Know	Scotty doesn‚Äôt know
SIGMA WEDNESDAY ANIMATION #wednesday  #animation  #sigma	Sigma wednesday animation
SMG4: A Happy Little Road Trip	SMG4: A Happy Little Road Trip
SNEAKING In OVERNIGHT CANDY SHOP 24 HOUR Challenge!	Secretly staying in a Candy Store overnight
So I FINALLY Tried Far Cry Primal	Trying Far Cry Primal
Soldiers Coming Home Surprise | Most Emotional Compilations	Soldiers Returning Home Compilation
Spending 24 Hours Straight Under Water Challenge	Spending 24 hours straight under water challenge
Spider-Man VR takes the "cake" üëÄüéÇ #vr #virtualreality #gaming #spiderman	Virtual Reality Spider-Man Gaming Video
Spray Can Melting - Perfect Bar Trash To Treasure - ASMR Metal Melting - Nordic Gold - BigStackD	Spray Can Melting
Stax SR-X9000 Electrostatic Headphone Review	Electrostatic headphone review - Stax SR-X9000
STEPH CURRY FINDS A DEADSPOT ON COURT BEFORE TIMBERWOLVES GAME üò±| GSW vs MIN | March 26, 2023	GSW vs MIN | March 26, 2023
Stormtroopers, but They're ACCURATE	If Stormtroopers were accurate
Stray Cat Decides To Work At A Car Shop And Greet Every Customer | The Dodo	Cat hangs out at car shop
Stray's LOVE LIFE - Adrift but never lost.. Fortnite Movie	Fortnite Movie: Stray's LOVE LIFE - Adrift but never lost.
Superstars PRANK The Voice coaches with unexpected Blind Auditions	Unexpected Blind Auditions on The Voice
Surprise d4 players with this gambit	Gambit against d4
Surviving a -36¬∞ Night - No Tent &amp; No Sleeping Bag	Camping in extreme cold without proper equipment
Teacher: Padma Gurung and Mina Rana - Grade: Lower Kindergarten.	Teacher: Padma Gurung and Mina Rana - Grade: Lower Kindergarten.
teaching Ludwig how to climb V9	Climbing Tutorial for Ludwig's V9 Ascent
Testing VIRAL Basketball Gadgets! - 2HYPE	Basketball gadgets test
The BEST Chess Opening Against 1.e4 - Every Move is a Trap!	Chess opening against 1.e4.
The Children of H√∫rin 101 | Of The Children of H√∫rin: Tolkien's First Age Explained - Part 1 of 13	Of the Children of H√∫rin: Tolkien's first age explained - part 1 of 13
THE DETECTIVE - English Movie | Holywood Blockbuster English Action Crime Movie HD | Jason Statham	The detective - Holywood blockbuster english action crime movie HD | Jason Statham
The Disaster Of The Sims 4	Sims 4 mistake
The Disturbing Effect of Child Neglect	The impact of child neglect
the entire history of 2b2t's End, i guess	the entire history of 2b2t's End, i guess
The fastest Blitzball tournament ever played...	Fastest blitzball tournament
The friendship recession | Richard Reeves	The friendship recession | John Smith
THE KING - Hollywood English Movie | Hollywood War Action Movies In English Full HD | Jason Statham	The King - Hollywood english movie | Jason Statham
The Most Beautiful Roti Lady In Chiang Mai Thailand #shorts	Roti Lady in Chiang Mai Thailand
The Prophet Isa's (Alayhi As-Salam) Miracle of ‚ÄúBringing the Dead into Life‚Äù | Ramadan Kareem	Bringing back the dead during Ramadan
The SECRET To Stop Blundering Your Pieces In Chess	How to Avoid Mistakes in Chess.
The Ultimate Poker Golf Challenge!	Poker Golf Challenge
THE WEEKND  GREATEST HITS 2023	The Weeknd: 2023 hits
Things Get Awkward In The Tank With Pashion Footwear  | Shark Tank US | Shark Tank Global	Pashion footwear | Shark Tank US | Shark Tank Global
this NASTY shoulder move stopped all but 1 climber... #bouldering #strongshoulders	Tough shoulder move in climbing
This thing is CRAZY ü§Ø #shorts	Insane object #shorts
Thrift Store Makeovers #15	Thrift Store Makeovers #15
Tiger Chained Up Her Whole Life Takes Her First Free Steps | The Dodo	Domesticated tiger walks free
TIKTOKER KICKED OUT Of LUXURY CAR DEALERSHIP, What Happens Is Shocking | Dhar Mann	Someone was asked to leave a fancy car dealership and it was surprising
TIKTOKS you NEED to watch [Try Not To Laugh Tik Tok 6]	Funny TikToks for your viewing
Top 10 E3 Conferences of all Time	Top 10 E3 conferences
TOP 5 Fastest WINS in the Bishop's Opening	Quick wins in Bishop's Opening
Vico C - Preg√∫ntale a Tu Pap√° Por Mi (Video Oficial) - 4K	Video Oficial de Vico C - Preg√∫ntale a Tu Pap√° Por Mi
Want to DOUBLE your chess elo?	Chess Improvement Tips
WARMEST WATER EVER! SWEATING WHILE SURFING EPIC WAVES, HAWAII	Surfing in Warm Water
Was Michael Jackson's hair catching fire in a Pepsi ad the exact mid-point of his life?	Michael Jackson and the Pepsi commercial incident
WATCH LIVE: Latest News Headlines and Events | ABC News Live	Live: ABC news live headlines and events
We are ADOPTING a baby!	Adopting a baby
We brought Hasbulla to the USA!	Bringing Hasbulla to the United States.
We Built a NIGHT ONLY City in Minecraft	Minecraft night city build
We Pranked The Mona Lisa	Mona Lisa trick
We Robbed A Bank	A Bank robbery
We tried the best rated climbing gym in LA  //  ft. Geek Climber	Trying a climbing gym in LA with Geek Climber
What Archaeological Sites Used To Actually Look Like	What archaeological sites used to look like
What Did NASA Discover in Latest Photos from Pluto?	NASA discoveries from Pluto photos
What I wore in Korea	My Outfits in South Korea
What's in my BACKPACK + WATER BOTTLE SHOPPiNG 2022!! Back to School	Back to school shopping
When Dungeon Masters ARN‚ÄôT Voice Actors #shorts	Dungeon Masters without voice acting #shorts
Why 80% of New Zealand is Empty	Why are there so many empty New Zealand regions?
Why Asian kids don't get Bs	Why Asian kids don't get Bs
Why China's population is shrinking	China's population decrease explained
Why Ralph Barbosa Gave His Doctor a One-Star Review - Stand-Up Featuring	Why Ralph Barbosa disliked his doctor
Will An Ex Convict Return $20,000 Rolex?	An ejkx convict has a Rolex
WILL THIS DRIFT TRIKE WORK ON GRASS??	Drift trike grass test
Win for Charity	Win for Charity
Work Music ‚Äî Elevate Productivity with Chillout Vibes	Chill work music for productivity
World of Warships - Hybrid Theory	World of Warships - Hybrid theory
WOULD YOU HUG ME?ü•∫ #shorts	Shorts about hugs
The cheat code of dynamic climbing #bouldering	Techniques for dynamic bouldering
Luckiest People Alive!	People who have been fortunate.
He Lost In 3 Seconds	Man gets defeated quickly
This is not sped up.	This video is in real time.
Most people have Stiff BACKS, here's how to fix.	A guide to fixing stiff backs
Most insane Adam Ondra strength Challenge!	Adam Ondra Demonstrates Impressive Physical Prowess
[552] "Pickproof" Dual Cylinder Disc Brake Lock Picked	[552] Dual cylinder disc brake lock picked
Using an Out-of-Control Car to Calculate œÄ.	Calculating œÄ with a car
I Paid Two Private Investigators To Follow Each Other	Two Investigators Followed Each Other
The Most Difficult Stunt We Have Attempted	Attempting a Challenging Stunt
LIVING in a PORSCHE full-time &amp; attempting Hell's Gate in Moab!	Daily vlogging while driving a luxury car and attempting a trail in Utah
How to Buy a Car To Flip for a Profit ($$$ Side Hustle)	Making a profit in car retail
Asking Monaco Millionaires How To Make $1,000,000	Financial Advice from Monaco Millionaires
Tesla Model X PLAID v Ferrari SF90 v Lambo SVJ: DRAG RACE	Comparison of Electric and Gasoline Cars in Drag Racing
Driving A Tesla Upside-Down (10ft Tall Wheels)	Car Tricks
This bridge should not be possible to climb	Unlikely bridge ascent
I Ate A $70,000 Golden Pizza	Golden Pizza Consumption
How ASIAN Parents Clean Your Room	CRoom cleaning techniques used by Asian parents
