prompt,completion
[Clickbait]: You Look Happy for Getting Second The ALDC Can't Win in Jersey (Season 3 Flashback) | Dance Moms [Unassuming and Terse]: ,Season 3 flashback of Dance Moms: The ALDC can't win in Jersey
[Clickbait]: ‚ÄúMy Family And Their Problems‚Äù TikTok Trend | Pennies From Heaven TikTok Sound [Unassuming and Terse]: ,My relatives and their issues
[Clickbait]: (animated) 5E D&amp;D Eldritch Blast? [Unassuming and Terse]: ,5E D&amp;D Eldritch Blast
[Clickbait]: [Celeste Mod] spikejumps vs. cornerjumps Golden Strawberry [Unassuming and Terse]: ,[Celeste Mod] spikejumps vs. cornerjumps Golden Strawberry
[Clickbait]: [Working BGM] Comfortable music that makes you feel positive  -- Morning Mood -- Daily Routine [Unassuming and Terse]: ,Background music for a productive day
[Clickbait]: „ÄêÔº≥ÔΩçÔΩèÔΩãÔΩÖ„ÄÄÔº°ÔΩéÔΩÑ„ÄÄÔº£ÔΩàÔΩâÔΩåÔΩå„Äë Lofi Chill Music ~ lofi hip hop mix ~ lofi beats to chill  study to [Unassuming and Terse]: ,Lofi hip hop mix for studying and chilling
"[Clickbait]: üî¥ Deep Focus 24/7 - Ambient Music For Studying, Concentration, Work And Meditation [Unassuming and Terse]: ",Ambient music for studying and concentration
"[Clickbait]: $1 vs $1,000,000 Hotel Room! [Unassuming and Terse]: ",Hotel room comparison
"[Clickbait]: $1 vs $500,000 Plane Ticket! [Unassuming and Terse]: ",Cost comparison of expensive and inexpensive plane tickets
"[Clickbait]: $70,000 Extreme Hide And Seek - Challenge [Unassuming and Terse]: ",Hide and seek challenge
[Clickbait]: 10 Crazy Fitness challenges; You have never seen before [Unassuming and Terse]: ,10 Workout Challenges to Try
[Clickbait]: 10 Hours üòª Cat TV  No Ad Interruptions! üê¶ @LensMyth Bluebirds and Songbirds Video for Cats [Unassuming and Terse]: ,Cat TV with bluebirds and songbirds
[Clickbait]: 100 Days Building A Modern Underground Hut With A Grass Roof And A Swimming Pool [Unassuming and Terse]: ,Building an underground hut with a grass roof and swimming pool in 100 days
[Clickbait]: 100 Interesting Animal Moments Caught On Camera [Unassuming and Terse]: ,Animal moments caught on camera
[Clickbait]: 13 People You'll Meet at the POOL [Unassuming and Terse]: ,Pool people
[Clickbait]: 19 Brilliant Moves IN A ROW [Unassuming and Terse]: ,19 good moves in a row
[Clickbait]: 200 Elo Chess LOL [Unassuming and Terse]: ,Very bad Chess
[Clickbait]: 200 Incredible Things Caught on Camera. Best of the Month [Unassuming and Terse]: ,200 Things captured on film
[Clickbait]: 3 Most COMMON Chess MISTAKES [Unassuming and Terse]: ,3 common chess mistakes
[Clickbait]: 3 Vital Chess Opening Principles [Unassuming and Terse]: ,Chess opening principles
[Clickbait]: 5 Hour Timer [Unassuming and Terse]: ,5 Hour Timer
"[Clickbait]: 5 Signs You Have ADHD, Not Laziness [Unassuming and Terse]: ",Possible Symptoms of ADHD
[Clickbait]: 7 Baby DRAGON Pranks To Trick Your FRIENDS! [Unassuming and Terse]: ,Baby dragon pranks
[Clickbait]: A group of thieves steal USD 25 million from a drug cartel | Action English Movie | Draw [Unassuming and Terse]: ,Movie: Thieves steal from a drug cartel
[Clickbait]: A Happy Little Weekend Marathon! - The Joy of Painting with Bob Ross [Unassuming and Terse]: ,Weekend marathon with Bob Ross
[Clickbait]: ABANDONED 1600‚Äôs Mansion With EVERYTHING Left Inside ~ Frozen In Time [Unassuming and Terse]: ,Old house full of stuff left behind
"[Clickbait]: Abby Is Served With LAWSUIT Papers From a Dance Mom! (S5, E2) | Full Episode | Dance Moms [Unassuming and Terse]: ","Dance Moms (S5, E2)"
[Clickbait]: Actual Footage of my dad's Trip to School [Unassuming and Terse]: ,Dad goes to school
"[Clickbait]: Adam Sandler roasted by Dana Carvey, David Spade and Rob Schneider during Mark Twain Prize tribute [Unassuming and Terse]: ",Adam Sandler gets roasted during tribute ceremony
[Clickbait]: Adam Sandler: The 60 Minutes Interview [Unassuming and Terse]: ,Adam Sandler: The 60 minutes interview
[Clickbait]: All Christian denominations explained in 12 minutes [Unassuming and Terse]: ,Christian denominations explained
[Clickbait]: All Sports Golf Battle at The Masters [Unassuming and Terse]: ,All sports golf tournament
[Clickbait]: Amazing Invention- This Drone Will Change Everything [Unassuming and Terse]: ,New drone product release
[Clickbait]: Ancient Philosophers' Life Lessons People Wished They Knew Sooner [Unassuming and Terse]: ,Lessons from ancient philosophers' lives
[Clickbait]: Animals That Asked People for Help &amp; Kindness | Best moments of 2022 ! [Unassuming and Terse]: ,2022 best animal moments
[Clickbait]: April 2023 General Conference | Saturday Sessions [Unassuming and Terse]: ,April 2023 General Conference | Saturday Sessions
[Clickbait]: APRIL FOOLS In FORTNITE! [Unassuming and Terse]: ,April fools in Fortnite
[Clickbait]: ARY News Headlines | 10 PM | 30th March 2023 [Unassuming and Terse]: ,ARY news headlines | 10 PM | 30th March 2023
"[Clickbait]: Asteroid City - Official Trailer (2023) Scarlett Johansson, Tom Hanks, Margot Robbie [Unassuming and Terse]: ","Asteroid City - Official Trailer (2023) Scarlett Johansson, Tom Hanks, Margot Robbie"
"[Clickbait]: ASTEROID CITY Trailer (2023) Tom Hanks, Scarlett Johansson [Unassuming and Terse]: ","ASTEROID CITY Trailer (2023) Tom Hanks, Scarlett Johansson"
[Clickbait]: BARN FIND 1979 Camaro - UNREAL Transformation After 10 Years! Can We Revive It? [Unassuming and Terse]: ,1979 Camaro Found in a Barn
[Clickbait]: Behind the Counter at the Freshest Chicken Shop in Japan [Unassuming and Terse]: ,Behind the counter at a fresh chicken shop in Japan
"[Clickbait]: Ben Affleck on Air Premiere, Getting Michael Jordan‚Äôs Blessing &amp; Surprise Video Call with Matt Damon [Unassuming and Terse]: ",Ben Affleck talks about his movie with friends
[Clickbait]: Best Fails of the Year (So Far) 2022 [Unassuming and Terse]: ,Yearly fails compilation 2022
[Clickbait]: Best of lofi hip hop 2021 ‚ú® - beats to relax/study to [Unassuming and Terse]: ,Lofi hip hop songs for relaxing and studying 2021
[Clickbait]: Biggest Hits of the 2022-2023 NFL Season [Unassuming and Terse]: ,NFL Season Hits 2022-2023
[Clickbait]: Bro has a pet lion ü¶Å #lion #pet #animals #wow #wildlife [Unassuming and Terse]: ,A man owns a lion as a pet.
[Clickbait]: Building your first base in a survival game [Unassuming and Terse]: ,Building your first base in a survival game
[Clickbait]: BUYING Everything in ONE COLOR for my Daughter *NO BUDGET üò±* [Unassuming and Terse]: ,Monotone Shopping Spree for My Kid's Outfit
[Clickbait]: Can 4 Guys Beat 1 Climbing Champion? [Unassuming and Terse]: ,4 vs 1 Climbing Battle
[Clickbait]: Can you watch without laughing? 100% Impossible [Unassuming and Terse]: ,Funny video compilation
[Clickbait]: Cell Phone Stereotypes [Unassuming and Terse]: ,Cell phone stereotypes
[Clickbait]: Classical Music for Brain Power - Mozart (6 Hours) [Unassuming and Terse]: ,Classical music for studying - Mozart (6 Hours)
[Clickbait]: Climbing Drills I'd do if i were a BEGINNER again (build confidence in your footwork) [Unassuming and Terse]: ,Beginner Climbing Drills for Footwork Confidence
[Clickbait]: Climbing in Rental shoes &amp; Gloves  - CHALLENGE [Unassuming and Terse]: ,Rental Shoe and Glove Climbing Challenge
[Clickbait]: Climbing with Adam Ondra - The World's Best Climber [Unassuming and Terse]: ,Climbing video featuring Adam Ondra
[Clickbait]: climbing with Alex Honnold   **Insane experience** [Unassuming and Terse]: ,Climbing Mountains with a Alex Honnold
[Clickbait]: Clips You Will See Only Once üò± #shorts [Unassuming and Terse]: ,Shorts
[Clickbait]: COUNTER-STRIKE 2 IS GORGEOUS [Unassuming and Terse]: ,Quality graphics in Counter-Strike 2
"[Clickbait]: Cozy Coffee Shop Ambience with Relaxing Jazz Music, Rain Sounds and Crackling Fireplace - 8 Hours [Unassuming and Terse]: ",Coffee shop sounds for relaxation and study - 8 Hours
[Clickbait]: creativity is dead [Unassuming and Terse]: ,People are less creative than they used to be
[Clickbait]: Criminal Lawyer Reacts to Genius Afroman Video &amp; Breaks Down B.S Lawsuit By Police [Unassuming and Terse]: ,Criminal lawyer reacts to Afroman video
[Clickbait]: Curious Baby Seal Approaches Cameraman [Unassuming and Terse]: ,Baby Seal Approaches Camera
[Clickbait]: D&amp;D Cult procession [Unassuming and Terse]: ,D&amp;D Cult procession
[Clickbait]: David Goggins ‚ÄúYou Must CHANGE YOUR MINDSET.‚Äù [Unassuming and Terse]: ,Changing Your Mindset with David Goggins
[Clickbait]: Daz Watches Worst Pageant Mums Ever [Unassuming and Terse]: ,Watching pageant moms
[Clickbait]: Deep Focus Music To Improve Concentration - 12 Hours of Ambient Study Music to Concentrate #341 [Unassuming and Terse]: ,Music for Focusing - 12 Hours #341
[Clickbait]: Disney Jazz: Relaxing Disney Jazz Cafe Music for Studying [Unassuming and Terse]: ,Disney Jazz for studying
[Clickbait]: Dog 'Saves' His Little Girl From The Ocean | The Dodo [Unassuming and Terse]: ,Dog jumps into water
[Clickbait]: Dogo Argentino dog video compilations | Dogo Argentino vs cane carso | dog video [Unassuming and Terse]: ,Dogo Argentino dog videos
[Clickbait]: Dogs who know Putin (Russian meme) #dog #Putin #shorts [Unassuming and Terse]: ,Dogs who know Putin (Russian meme)
[Clickbait]: Dominik Mysterio and The Judgment Day WALK OUT on Rey Mysterio's speech: WWE Hall of Fame 2023 [Unassuming and Terse]: ,: Dominik Mysterio walks out on Rey Mysterio's speech | WWE Hall of Fame 2023
"[Clickbait]: Dua Lipa, Calvin Harris, Coldplay, Martin Garrix &amp; Kygo, The Chainsmokers Style - Feeling Me [Unassuming and Terse]: ","Dua Lipa, Calvin Harris, Coldplay, Martin Garrix &amp; Kygo, The Chainsmokers - Feeling Me"
"[Clickbait]: Ed Sheeran, Martin Garrix, Avicii, Kygo, Dua Lipa, The Chainsmokers Style - Feeling Me [Vol.2] [Unassuming and Terse]: ","Ed Sheeran, Martin Garrix, Avicii, Kygo, Dua Lipa, The Chainsmokers - Feeling Me [Vol.2]"
[Clickbait]: ESCAPING 100 Layers of ICE vs CARDBOARD! [Unassuming and Terse]: ,Escaping ice and cardboard
"[Clickbait]: Farming 10,000,000 Melons in Minecraft [Unassuming and Terse]: ",Farming melons in Minecraft
"[Clickbait]: Fastest Obstacle Course Run Wins $10,000 [Unassuming and Terse]: ",Obstacle Course Race for Prize Money
[Clickbait]: Father and son shot dead in Cambridgeshire [Unassuming and Terse]: ,Father and son shot dead in Cambridgeshire
[Clickbait]: Film Theory: This is Disney‚Äôs WORST Fear! (Winnie the Pooh) [Unassuming and Terse]: ,Film Theory: Winnie the Pooh
[Clickbait]: Florence Pugh Sweats From Her Eyebrows While Eating Spicy Wings | Hot Ones [Unassuming and Terse]: ,Sweaty Florence Pugh Eats Spicy Wings | Hot Ones
[Clickbait]: FORGOTTEN 1968 Pontiac Bonneville - Will It RUN AND DRIVE After A Decade? [Unassuming and Terse]: ,1968 Pontiac Bonneville Restoration Attempt
[Clickbait]: Gamebred Boxing 4 - Roy Jones Jr vs Anthony Pettis | PRELIMS [Unassuming and Terse]: ,Gamebred Boxing 4 - Roy Jones Jr vs Anthony Pettis | Prelims
[Clickbait]: games w syk ironmouse corps!!! [Unassuming and Terse]: ,Games with Syk Ironmouse Corps
[Clickbait]: Gmod Deathrun Fall Guys Edition [Unassuming and Terse]: ,Gmod Deathrun | Fall Guys
"[Clickbait]: Going Through The Same Drive Thru 1,000 Times [Unassuming and Terse]: ",Continuously going through the same drive thru
"[Clickbait]: Gone too deep in Cali, Colombia! üá®üá¥ [Unassuming and Terse]: ","Exploring Cali, Colombia"
[Clickbait]: Hamster Escapes the Awesome Maze for Pets in real life üêπ The Best Hamster Challenges [Unassuming and Terse]: ,Hamster pet maze
[Clickbait]: HERE'S HOW PROFESSIONALS DEEP CLEAN THINGS [Unassuming and Terse]: ,Professional cleaning techniques
"[Clickbait]: HERE'S WHY E3 GOT CANCELED, ASSASSIN'S CREED MIRAGE RELEASE LEAKED? &amp; MORE [Unassuming and Terse]: ",Assassin's creed mirage release leaked
[Clickbait]: Hit by 12 million [Unassuming and Terse]: ,Hit by 12 million
[Clickbait]: Hotel Stereotypes [Unassuming and Terse]: ,Hotel stereotypes
[Clickbait]: How I removed squatters in less than a day. [Unassuming and Terse]: ,Removing Squatters in a Day.
[Clickbait]: How it started VS How it‚Äôs going #shorts [Unassuming and Terse]: ,How it started and how it‚Äôs going (shorts)
[Clickbait]: How many pressure washers does it take to fly? [Unassuming and Terse]: ,Flying with pressure washers
[Clickbait]: How Rappers gonna be with this new AI Technology [Unassuming and Terse]: ,How rappers might use AI technology
[Clickbait]: How to build HOUSE UNDERGROUND from START to FINISH 15 days in the forest. WOODWORKING [Unassuming and Terse]: ,Building an Underground House
[Clickbait]: How To FIX Forward Head Posture (Hunched Forward) with 3 EASY Exercises [Unassuming and Terse]: ,3 Exercises for Fixing Forward Head Posture
[Clickbait]: How To Know if You Have Good Genetics for Bodybuilding [Unassuming and Terse]: ,How to know if you have good genetics for bodybuilding
[Clickbait]: How To Save Someone‚Äôs Life [Unassuming and Terse]: ,How to save someone's life
[Clickbait]: How to Win a Street Fight in 3 Seconds #shorts [Unassuming and Terse]: ,Street Fighting (shorts)
[Clickbait]: I Accidentally Went Live on Fortnite... [Unassuming and Terse]: ,Fortnite livestream mistake
[Clickbait]: I Ate The World‚Äôs Largest Slice Of Pizza [Unassuming and Terse]: ,Biggest pizza slice ever eaten
[Clickbait]: I BEAT ROBLOX DOORS SOLO WITHOUT USING A SINGLE KEY! [Unassuming and Terse]: ,Roblox Doors Solo completion without Keys
[Clickbait]: I Built the Ultimate Base in Minecraft Hardcore [Unassuming and Terse]: ,My hardcore Minecraft base
[Clickbait]: I Busted 500 Myths In GTA 5! [Unassuming and Terse]: ,Busting GTA 5 myths
[Clickbait]: I Explored MrBeast's Abandoned Minecraft Server [Unassuming and Terse]: ,Exploring an abandoned Minecraft server
[Clickbait]: I GOT RANDOMLY PAIRED AGAINST ERIC ROSEN [Unassuming and Terse]: ,Random pairing against Eric Rosen
[Clickbait]: I JUST BEAT MAGNUS CARLSEN [Unassuming and Terse]: ,Beating Magnus Carlsen
[Clickbait]: I Opened A FAKE Apple Store [Unassuming and Terse]: ,Fake Apple Store Experience
[Clickbait]: I Should Have Seen This Coming... [Unassuming and Terse]: ,Predictable Outcome.
[Clickbait]: I simulated NATURAL DISASTERS in LEGO... [Unassuming and Terse]: ,LEGO Natural Disaster Simulation
[Clickbait]: I Survived 100 Days as an ELECTRIC EEL in HARDCORE Minecraft! [Unassuming and Terse]: ,100 days as an electric eel in Minecraft Hardcore.
[Clickbait]: I Survived 100 Days as NARUTO in Minecraft [Unassuming and Terse]: ,NARUTO in Minecraft for 100 days
[Clickbait]: I Survived 100 Days as THOR in Minecraft [Unassuming and Terse]: ,Surviving as Thor in Minecraft for 100 days.
[Clickbait]: I Survived 2000 Days in Minecraft Hardcore [Unassuming and Terse]: ,Minecraft Hardcore for 2000 Days
[Clickbait]: I tested 100 LEGO Boats! [Unassuming and Terse]: ,100 LEGO Boats Test
[Clickbait]: I Transformed Minecraft Into An EPIC Underwater Kingdom! | Full Movie [1000+ HOURS] [Unassuming and Terse]: ,Building an underwater kingdom in Minecraft
[Clickbait]: I Tried Secret Service Academy [Unassuming and Terse]: ,Training for the secret service
[Clickbait]: I Tried TEMU Art Supplies..isn‚Äôt this just WISH? [Unassuming and Terse]: ,Trying Art Supplies.
[Clickbait]: I tried the world's biggest climbing gym    //   With Alexis Landot [Unassuming and Terse]: ,Trying out a huge climbing gym with Alexis Landot
[Clickbait]: I tried to climb the biggest man-made route in the World [Unassuming and Terse]: ,Biggest man-made route climb attempt
[Clickbait]: I Watched Captain America: Civil War in 0.25x Speed and Here's What I Found [Unassuming and Terse]: ,Watching Captain America: Civil War at a slowed down speed
[Clickbait]: I Went Fishing For TERRIFYING CREATURES in Dredge [Unassuming and Terse]: ,Fishing for monsters in Dredge
[Clickbait]: I'm 20 and Still in High School [Unassuming and Terse]: ,20-year-old attends high school
"[Clickbait]: I'M LOOKING FOR MY FRIENDS, I'M LOOKING FOR YOU | TIKTOK COMPILATION [Unassuming and Terse]: ",Looking for friends | TikTok compilation
[Clickbait]: Idiots In Cars | Bad Driving Fails Compilation [Unassuming and Terse]: ,Car driving fails compilation
[Clickbait]: If Programming Was An Anime [Unassuming and Terse]: ,Programming as an anime
[Clickbait]: If Women Were Honest #shorts [Unassuming and Terse]: ,Honest women #shorts
"[Clickbait]: If You Laugh 2 Times, You Have to Replay the Video [Unassuming and Terse]: ",Funny video
"[Clickbait]: Inside a $25,900,000 Fully OFF GRID Utah Mega Mansion [Unassuming and Terse]: ",Off grid mansion Tour.
[Clickbait]: Inside Debby Ryan &amp; Josh Dun's Fascinating Ohio Home | Open Door | Architectural Digest [Unassuming and Terse]: ,Ohio Home Tour | Open Door | Architectural Digest
[Clickbait]: Intense Close Range Intercept of Violent Wedge Tornado - Iowa High Risk Tornado Outbreak - 3/31/23 [Unassuming and Terse]: ,Close Tornado Intercept in Iowa - 3/31/23
[Clickbait]: Iowa Hawkeyes vs. South Carolina Gamecocks | NCAA Women's Final Four | Full Game Highlights [Unassuming and Terse]: ,Iowa Hawkeyes vs. South Carolina Gamecocks | NCAA Women's Final Four | Full Game Highlights
[Clickbait]: Iowa vs. South Carolina - Final Four NCAA tournament extended highlights [Unassuming and Terse]: ,Iowa vs. South Carolina - Final Four NCAA tournament extended highlights
[Clickbait]: Is Netflix Just Making Bad Movies On Purpose [Unassuming and Terse]: ,Netflix's Movie Strategy is Uninspiring
[Clickbait]: JHOOTA NO. 1 | Lie Detector | Family Comedy Challenge | Aayu and Pihu Show [Unassuming and Terse]: ,Joohta No. 1| Lie detector | Family comedy challenge
[Clickbait]: John Wick 4: Dangerous Cleanup [Unassuming and Terse]: ,John Wick 4: Dangerous Cleanup
[Clickbait]: Jordan Schlansky‚Äôs Origin Story | Team Coco Radio [Unassuming and Terse]: ,Jordan Schlansky's Origin Story | Team Coco Radio
[Clickbait]: JVKE - this is what losing someone feels like (official video) [Unassuming and Terse]: ,JVKE - this is what losing someone feels like (official video)
[Clickbait]: Kabhi Jo Badal Barse - Arijit Singh Live IIT Delhi RDV 2014 [Unassuming and Terse]: ,Kabhi Jo Badal Barse - Arijit Singh Live IIT Delhi RDV 2014
[Clickbait]: King Wolf üò±üò±üò± [Unassuming and Terse]: ,Wolf leader
[Clickbait]: Knife and Judo Experts Breaks Down John Wick's Fighting Skills  | Scenic Fights [Unassuming and Terse]: ,Analyzing John Wick's fighting techniques with knife and judo specialists | Scenic Fights
[Clickbait]: La√Øm - Shot After Shot (Electro Swing) [Unassuming and Terse]: ,La√Øm - Shot After Shot (Electro Swing)
"[Clickbait]: LAKERS at TIMBERWOLVES | FULL GAME HIGHLIGHTS | March 31, 2023 [Unassuming and Terse]: ","Lakers vs Timberwolves | Game highlights | March 31, 2023"
[Clickbait]: Legendary answer FLOORS Steve Harvey! [Unassuming and Terse]: ,An answer that Steve Harvey thinks is funny
[Clickbait]: Light Up The Dark Ages! (Clash of Clans Season Challenges) [Unassuming and Terse]: ,Light up the dark ages (Clash of Clans season challenges)
[Clickbait]: Limited Life: Episode 5 - BREAD BRIDGE BAKERY [Unassuming and Terse]: ,Limited life: episode 5 - Bready bridge bakery
[Clickbait]: lofi hip hop radio - beats to sleep/chill to [Unassuming and Terse]: ,Lofi hip hop music for relaxation
[Clickbait]: Making a BULLETPROOF John Wick Suit in Real Life! [Unassuming and Terse]: ,Making a bulletproof John Wick suit
[Clickbait]: Manchester City v. Liverpool | PREMIER LEAGUE HIGHLIGHTS | 4/1/2023 | NBC Sports [Unassuming and Terse]: ,Manchester City vs. Liverpool | Highlights
[Clickbait]: memes from internet [Unassuming and Terse]: ,random memes from internet
[Clickbait]: Metallica: 72 Seasons (Official Music Video) [Unassuming and Terse]: ,Metallica: 72 Seasons (Official Music Video)
[Clickbait]: Mike Tyson - All Knockouts of the Legend [Unassuming and Terse]: ,All Mike Tyson knockouts
[Clickbait]: Minecraft But Everything I Touch Turns To... [Unassuming and Terse]: ,Minecraft with touch based mod
[Clickbait]: Minecraft but What's this Wither?! [Unassuming and Terse]: ,Minecraft with wither
[Clickbait]: Minecraft Hostage Simulator [Unassuming and Terse]: ,Minecraft hostage simulator
"[Clickbait]: Minecraft, But You Only Get One Block! [Unassuming and Terse]: ",One block challenge in Minecraft
[Clickbait]: Minecraft: MORE TNT MOD (35+ TNT EXPLOSIVES AND DYNAMITE!) - Mod Showcase [Unassuming and Terse]: ,Minecraft TNT mod showcase
[Clickbait]: MLB 23 Road to the Show - Part 6 - POWER SWINGS ONLY! [Unassuming and Terse]: ,MLB 23 road to the show - Part 6
[Clickbait]: MMA fighter &amp; Gymnast try Climbing [Unassuming and Terse]: ,MMA fighter &amp; gymnast try climbing
[Clickbait]: Moments of Instant Regret Caught On Camera [Unassuming and Terse]: ,Mistakes made on camera
[Clickbait]: MOVING IN &amp; Opening a Cafe | The Next Chapter [Unassuming and Terse]: ,Moving and Starting a Cafe.
[Clickbait]: Music for Work ‚Äî Chillstep Cyber City Radio [Unassuming and Terse]: ,Chill Music for Work
[Clickbait]: Must We Forgive Those Who Have Wronged Us? [Unassuming and Terse]: ,Should we forgive others?
[Clickbait]: NBA Records That‚Äôll NEVER Be Broken.. [Unassuming and Terse]: ,Finalized NBA Records
[Clickbait]: New Parent Stereotypes [Unassuming and Terse]: ,New parent stereotypes
[Clickbait]: NOBODY Wants Buy This ABANDONED $10.5 MILLION Mansion - Luxury Cars Inside!!! [Unassuming and Terse]: ,Abandoned Mansion Tour
[Clickbait]: Noob PAY TO WINS to Pro in BLOX FRUITS.. (a Roblox Story) [Unassuming and Terse]: ,Becoming an expert in Blox Fruits by buying in game items (A Roblox story)
[Clickbait]: Not everything is true‚ù§üî• |  inspirational quotes | motivational quotes #shorts #motivational #short [Unassuming and Terse]: ,Not everything is true | #shorts
[Clickbait]: Omegle... But I ROAST Racist People [Unassuming and Terse]: ,Insulting racist people on Omegle
[Clickbait]: Only The Best From The Best | Legendary Openings Speedrun 1 [Unassuming and Terse]: ,Legendary Openings Speedrun 1
[Clickbait]: OpenAI GPT-4 - See How Everyone Is Using It! [Unassuming and Terse]: ,OpenAI GPT-4 usage examples
"[Clickbait]: Overtime: Gov. Chris Sununu, Lt. Gov. Winsome Earle-Sears, James Kirchick | Real Time (HBO) [Unassuming and Terse]: ","Overtime: Gov. Chris Sununu, Lt. Gov. Winsome Earle-Sears, James Kirchick | Real Time (HBO)"
[Clickbait]: Packgod vs Emo Egirl [Unassuming and Terse]: ,Packgod vs Emo Egirl
[Clickbait]: parents aren‚Äôt home‚Ä¶ you know what that means [Unassuming and Terse]: ,Empty house situation
[Clickbait]: Pawn Stars: 7 INSANELY HIGH APPRAISALS (Huge Profits For Rare Items!) [Unassuming and Terse]: ,High appraisals on Pawn Stars
[Clickbait]: Personal and Channel Update [Unassuming and Terse]: ,Personal and Channel Update
[Clickbait]: PIHU KA RESULT | 10th Board Result | Pass / Fail | A Short Movie | Aayu and Pihu Show [Unassuming and Terse]: ,Pihu ka result | 10th Bbard result | Pass / Fail | A short movie | Aayu and Pihu Show
[Clickbait]: Pixar's Up is ENDING With This Final Short [Unassuming and Terse]: ,Pixar's Up: Final short
[Clickbait]: Playing The WORST Horror Game I've EVER Played [Hatch] [Unassuming and Terse]: ,Bad horror game playthrough
[Clickbait]: Powerlifter  VS  Rock Climber  -  Who has stronger grip? [Unassuming and Terse]: ,Grip Strength Comparison: Powerlifter vs Rock Climber
[Clickbait]: Probability Comparison: Rarest Human Mutations [Unassuming and Terse]: ,Probability comparison: rarest human mutations
[Clickbait]: PSVR2 Launch Sales Are Reportedly Going Very Poorly... [Unassuming and Terse]: ,Poor sales for PSVR2 launch
[Clickbait]: Rarest Things On Earth! [Unassuming and Terse]: ,Rare items in nature
[Clickbait]: Rating Fast Food French Fries [Unassuming and Terse]: ,Rating Fast Food French Fries
[Clickbait]: Relaxing Disney ost Piano collection 10Hour (No middle ad) [Unassuming and Terse]: ,Disney piano music (10 Hour)
"[Clickbait]: Relaxing Music &amp; Rain Sounds - Beautiful Piano Music, Background Music, Sleep Music ‚Ä¢ You &amp; Me [Unassuming and Terse]: ",Background piano and rain sounds for sleep and relaxation
[Clickbait]: Rep. Maxine Waters reacts to Trump indictment [Unassuming and Terse]: ,Rep. Maxine Waters talks about Trump indictment
[Clickbait]: Respect üò±üî•Wow üòØ [Unassuming and Terse]: ,Respect
[Clickbait]: Returning to my old gym after 12 years!! [Unassuming and Terse]: ,Going back to exercise at the place I used to go to a decade ago
[Clickbait]: Revealing: The Vote Update [Unassuming and Terse]: ,Vote Update
[Clickbait]: Ridiculous Drivers - Crashes &amp; Wrecks Compilation | FailArmy [Unassuming and Terse]: ,Crashes caught on camera.
[Clickbait]: SampleSort: QuickSort on Steroids! [Unassuming and Terse]: ,SampleSort tutoriah
[Clickbait]: Satisfying Videos of Workers Doing Their Job Perfectly [Unassuming and Terse]: ,Videos of workers excelling at their duties
[Clickbait]: Scotty Doesn‚Äôt Know [Unassuming and Terse]: ,Scotty doesn‚Äôt know
[Clickbait]: SIGMA WEDNESDAY ANIMATION #wednesday  #animation  #sigma [Unassuming and Terse]: ,Sigma wednesday animation
[Clickbait]: SMG4: A Happy Little Road Trip [Unassuming and Terse]: ,SMG4: A Happy Little Road Trip
[Clickbait]: SNEAKING In OVERNIGHT CANDY SHOP 24 HOUR Challenge! [Unassuming and Terse]: ,Secretly staying in a Candy Store overnight
[Clickbait]: So I FINALLY Tried Far Cry Primal [Unassuming and Terse]: ,Trying Far Cry Primal
[Clickbait]: Soldiers Coming Home Surprise | Most Emotional Compilations [Unassuming and Terse]: ,Soldiers Returning Home Compilation
[Clickbait]: Spending 24 Hours Straight Under Water Challenge [Unassuming and Terse]: ,Spending 24 hours straight under water challenge
"[Clickbait]: Spider-Man VR takes the ""cake"" üëÄüéÇ #vr #virtualreality #gaming #spiderman [Unassuming and Terse]: ",Virtual Reality Spider-Man Gaming Video
[Clickbait]: Spray Can Melting - Perfect Bar Trash To Treasure - ASMR Metal Melting - Nordic Gold - BigStackD [Unassuming and Terse]: ,Spray Can Melting
[Clickbait]: Stax SR-X9000 Electrostatic Headphone Review [Unassuming and Terse]: ,Electrostatic headphone review - Stax SR-X9000
"[Clickbait]: STEPH CURRY FINDS A DEADSPOT ON COURT BEFORE TIMBERWOLVES GAME üò±| GSW vs MIN | March 26, 2023 [Unassuming and Terse]: ","GSW vs MIN | March 26, 2023"
"[Clickbait]: Stormtroopers, but They're ACCURATE [Unassuming and Terse]: ",If Stormtroopers were accurate
[Clickbait]: Stray Cat Decides To Work At A Car Shop And Greet Every Customer | The Dodo [Unassuming and Terse]: ,Cat hangs out at car shop
[Clickbait]: Stray's LOVE LIFE - Adrift but never lost.. Fortnite Movie [Unassuming and Terse]: ,Fortnite Movie: Stray's LOVE LIFE - Adrift but never lost.
[Clickbait]: Superstars PRANK The Voice coaches with unexpected Blind Auditions [Unassuming and Terse]: ,Unexpected Blind Auditions on The Voice
[Clickbait]: Surprise d4 players with this gambit [Unassuming and Terse]: ,Gambit against d4
[Clickbait]: Surviving a -36¬∞ Night - No Tent &amp; No Sleeping Bag [Unassuming and Terse]: ,Camping in extreme cold without proper equipment
[Clickbait]: Teacher: Padma Gurung and Mina Rana - Grade: Lower Kindergarten. [Unassuming and Terse]: ,Teacher: Padma Gurung and Mina Rana - Grade: Lower Kindergarten.
[Clickbait]: teaching Ludwig how to climb V9 [Unassuming and Terse]: ,Climbing Tutorial for Ludwig's V9 Ascent
[Clickbait]: Testing VIRAL Basketball Gadgets! - 2HYPE [Unassuming and Terse]: ,Basketball gadgets test
[Clickbait]: The BEST Chess Opening Against 1.e4 - Every Move is a Trap! [Unassuming and Terse]: ,Chess opening against 1.e4.
[Clickbait]: The Children of H√∫rin 101 | Of The Children of H√∫rin: Tolkien's First Age Explained - Part 1 of 13 [Unassuming and Terse]: ,Of the Children of H√∫rin: Tolkien's first age explained - part 1 of 13
[Clickbait]: THE DETECTIVE - English Movie | Holywood Blockbuster English Action Crime Movie HD | Jason Statham [Unassuming and Terse]: ,The detective - Holywood blockbuster english action crime movie HD | Jason Statham
[Clickbait]: The Disaster Of The Sims 4 [Unassuming and Terse]: ,Sims 4 mistake
[Clickbait]: The Disturbing Effect of Child Neglect [Unassuming and Terse]: ,The impact of child neglect
"[Clickbait]: the entire history of 2b2t's End, i guess [Unassuming and Terse]: ","the entire history of 2b2t's End, i guess"
[Clickbait]: The fastest Blitzball tournament ever played... [Unassuming and Terse]: ,Fastest blitzball tournament
[Clickbait]: The friendship recession | Richard Reeves [Unassuming and Terse]: ,The friendship recession | John Smith
[Clickbait]: THE KING - Hollywood English Movie | Hollywood War Action Movies In English Full HD | Jason Statham [Unassuming and Terse]: ,The King - Hollywood english movie | Jason Statham
[Clickbait]: The Most Beautiful Roti Lady In Chiang Mai Thailand #shorts [Unassuming and Terse]: ,Roti Lady in Chiang Mai Thailand
[Clickbait]: The Prophet Isa's (Alayhi As-Salam) Miracle of ‚ÄúBringing the Dead into Life‚Äù | Ramadan Kareem [Unassuming and Terse]: ,Bringing back the dead during Ramadan
[Clickbait]: The SECRET To Stop Blundering Your Pieces In Chess [Unassuming and Terse]: ,How to Avoid Mistakes in Chess.
[Clickbait]: The Ultimate Poker Golf Challenge! [Unassuming and Terse]: ,Poker Golf Challenge
[Clickbait]: THE WEEKND  GREATEST HITS 2023 [Unassuming and Terse]: ,The Weeknd: 2023 hits
[Clickbait]: Things Get Awkward In The Tank With Pashion Footwear  | Shark Tank US | Shark Tank Global [Unassuming and Terse]: ,Pashion footwear | Shark Tank US | Shark Tank Global
[Clickbait]: this NASTY shoulder move stopped all but 1 climber... #bouldering #strongshoulders [Unassuming and Terse]: ,Tough shoulder move in climbing
[Clickbait]: This thing is CRAZY ü§Ø #shorts [Unassuming and Terse]: ,Insane object #shorts
[Clickbait]: Thrift Store Makeovers #15 [Unassuming and Terse]: ,Thrift Store Makeovers #15
[Clickbait]: Tiger Chained Up Her Whole Life Takes Her First Free Steps | The Dodo [Unassuming and Terse]: ,Domesticated tiger walks free
"[Clickbait]: TIKTOKER KICKED OUT Of LUXURY CAR DEALERSHIP, What Happens Is Shocking | Dhar Mann [Unassuming and Terse]: ",Someone was asked to leave a fancy car dealership and it was surprising
[Clickbait]: TIKTOKS you NEED to watch [Try Not To Laugh Tik Tok 6] [Unassuming and Terse]: ,Funny TikToks for your viewing
[Clickbait]: Top 10 E3 Conferences of all Time [Unassuming and Terse]: ,Top 10 E3 conferences
[Clickbait]: TOP 5 Fastest WINS in the Bishop's Opening [Unassuming and Terse]: ,Quick wins in Bishop's Opening
[Clickbait]: Vico C - Preg√∫ntale a Tu Pap√° Por Mi (Video Oficial) - 4K [Unassuming and Terse]: ,Video Oficial de Vico C - Preg√∫ntale a Tu Pap√° Por Mi
[Clickbait]: Want to DOUBLE your chess elo? [Unassuming and Terse]: ,Chess Improvement Tips
"[Clickbait]: WARMEST WATER EVER! SWEATING WHILE SURFING EPIC WAVES, HAWAII [Unassuming and Terse]: ",Surfing in Warm Water
[Clickbait]: Was Michael Jackson's hair catching fire in a Pepsi ad the exact mid-point of his life? [Unassuming and Terse]: ,Michael Jackson and the Pepsi commercial incident
[Clickbait]: WATCH LIVE: Latest News Headlines and Events | ABC News Live [Unassuming and Terse]: ,Live: ABC news live headlines and events
[Clickbait]: We are ADOPTING a baby! [Unassuming and Terse]: ,Adopting a baby
[Clickbait]: We brought Hasbulla to the USA! [Unassuming and Terse]: ,Bringing Hasbulla to the United States.
[Clickbait]: We Built a NIGHT ONLY City in Minecraft [Unassuming and Terse]: ,Minecraft night city build
[Clickbait]: We Pranked The Mona Lisa [Unassuming and Terse]: ,Mona Lisa trick
[Clickbait]: We Robbed A Bank [Unassuming and Terse]: ,A Bank robbery
[Clickbait]: We tried the best rated climbing gym in LA  //  ft. Geek Climber [Unassuming and Terse]: ,Trying a climbing gym in LA with Geek Climber
[Clickbait]: What Archaeological Sites Used To Actually Look Like [Unassuming and Terse]: ,What archaeological sites used to look like
[Clickbait]: What Did NASA Discover in Latest Photos from Pluto? [Unassuming and Terse]: ,NASA discoveries from Pluto photos
[Clickbait]: What I wore in Korea [Unassuming and Terse]: ,My Outfits in South Korea
[Clickbait]: What's in my BACKPACK + WATER BOTTLE SHOPPiNG 2022!! Back to School [Unassuming and Terse]: ,Back to school shopping
[Clickbait]: When Dungeon Masters ARN‚ÄôT Voice Actors #shorts [Unassuming and Terse]: ,Dungeon Masters without voice acting #shorts
[Clickbait]: Why 80% of New Zealand is Empty [Unassuming and Terse]: ,Why are there so many empty New Zealand regions?
[Clickbait]: Why Asian kids don't get Bs [Unassuming and Terse]: ,Why Asian kids don't get Bs
[Clickbait]: Why China's population is shrinking [Unassuming and Terse]: ,China's population decrease explained
[Clickbait]: Why Ralph Barbosa Gave His Doctor a One-Star Review - Stand-Up Featuring [Unassuming and Terse]: ,Why Ralph Barbosa disliked his doctor
"[Clickbait]: Will An Ex Convict Return $20,000 Rolex? [Unassuming and Terse]: ",An ejkx convict has a Rolex
[Clickbait]: WILL THIS DRIFT TRIKE WORK ON GRASS?? [Unassuming and Terse]: ,Drift trike grass test
[Clickbait]: Win for Charity [Unassuming and Terse]: ,Win for Charity
[Clickbait]: Work Music ‚Äî Elevate Productivity with Chillout Vibes [Unassuming and Terse]: ,Chill work music for productivity
[Clickbait]: World of Warships - Hybrid Theory [Unassuming and Terse]: ,World of Warships - Hybrid theory
[Clickbait]: WOULD YOU HUG ME?ü•∫ #shorts [Unassuming and Terse]: ,Shorts about hugs
[Clickbait]: The cheat code of dynamic climbing #bouldering [Unassuming and Terse]: ,Techniques for dynamic bouldering
[Clickbait]: Luckiest People Alive! [Unassuming and Terse]: ,People who have been fortunate.
[Clickbait]: He Lost In 3 Seconds [Unassuming and Terse]: ,Man gets defeated quickly
[Clickbait]: This is not sped up. [Unassuming and Terse]: ,This video is in real time.
"[Clickbait]: Most people have Stiff BACKS, here's how to fix. [Unassuming and Terse]: ",A guide to fixing stiff backs
[Clickbait]: Most insane Adam Ondra strength Challenge! [Unassuming and Terse]: ,Adam Ondra Demonstrates Impressive Physical Prowess
"[Clickbait]: [552] ""Pickproof"" Dual Cylinder Disc Brake Lock Picked [Unassuming and Terse]: ",[552] Dual cylinder disc brake lock picked
[Clickbait]: Using an Out-of-Control Car to Calculate œÄ. [Unassuming and Terse]: ,Calculating œÄ with a car
[Clickbait]: I Paid Two Private Investigators To Follow Each Other [Unassuming and Terse]: ,Two Investigators Followed Each Other
[Clickbait]: The Most Difficult Stunt We Have Attempted [Unassuming and Terse]: ,Attempting a Challenging Stunt
[Clickbait]: LIVING in a PORSCHE full-time &amp; attempting Hell's Gate in Moab! [Unassuming and Terse]: ,Daily vlogging while driving a luxury car and attempting a trail in Utah
[Clickbait]: How to Buy a Car To Flip for a Profit ($$$ Side Hustle) [Unassuming and Terse]: ,Making a profit in car retail
"[Clickbait]: Asking Monaco Millionaires How To Make $1,000,000 [Unassuming and Terse]: ",Financial Advice from Monaco Millionaires
[Clickbait]: Tesla Model X PLAID v Ferrari SF90 v Lambo SVJ: DRAG RACE [Unassuming and Terse]: ,Comparison of Electric and Gasoline Cars in Drag Racing
[Clickbait]: Driving A Tesla Upside-Down (10ft Tall Wheels) [Unassuming and Terse]: ,Car Tricks
[Clickbait]: This bridge should not be possible to climb [Unassuming and Terse]: ,Unlikely bridge ascent
"[Clickbait]: I Ate A $70,000 Golden Pizza [Unassuming and Terse]: ",Golden Pizza Consumption
[Clickbait]: How ASIAN Parents Clean Your Room [Unassuming and Terse]: ,CRoom cleaning techniques used by Asian parents
